PersonID;FullName;PreferredName;SearchName;IsEmployee;IsSalesperson
1;Data Conversion Only;Data Conversion Only;Data Conversion Only Data Conversion Only;0;0
2;Kayla Woodcock;Kayla;Kayla Kayla Woodcock;1;1
3;Hudson Onslow;Hudson;Hudson Hudson Onslow;1;1
4;Isabella Rupp;Isabella;Isabella Isabella Rupp;1;0
5;Eva Muirden;Eva;Eva Eva Muirden;1;0
6;Sophia Hinton;Sophia;Sophia Sophia Hinton;1;1
7;Amy Trefl;Amy;Amy Amy Trefl;1;1
8;Anthony Grosse;Anthony;Anthony Anthony Grosse;1;1
9;Alica Fatnowna;Alica;Alica Alica Fatnowna;1;0
10;Stella Rosenhain;Stella;Stella Stella Rosenhain;1;0
11;Ethan Onslow;Ethan;Ethan Ethan Onslow;1;0
12;Henry Forlonge;Henry;Henry Henry Forlonge;1;0
13;Hudson Hollinworth;Hudson;Hudson Hudson Hollinworth;1;1
14;Lily Code;Lily;Lily Lily Code;1;1
15;Taj Shand;Taj;Taj Taj Shand;1;1
16;Archer Lamble;Archer;Archer Archer Lamble;1;1
17;Piper Koch;Piper;Piper Piper Koch;1;0
18;Katie Darwin;Katie;Katie Katie Darwin;1;0
19;Jai Shand;Jai;Jai Jai Shand;1;0
20;Jack Potter;Jack;Jack Jack Potter;1;1
21;Reio Kabin;Reio;Reio Reio Kabin;0;0
22;Oliver Kivi;Olly;Olly Oliver Kivi;0;0
23;Hanna Mihhailov;Hanna;Hanna Hanna Mihhailov;0;0
24;Paulus Lippmaa;Paulus;Paulus Paulus Lippmaa;0;0
25;Kerstin Parn;Kerstin;Kerstin Kerstin Parn;0;0
26;Helen Ahven;Helen;Helen Helen Ahven;0;0
27;Bill Lawson;Bill;Bill Bill Lawson;0;0
28;Helen Moore;Helen;Helen Helen Moore;0;0
29;Penny Buck;Penny;Penny Penny Buck;0;0
30;Donna Smith;Donna;Donna Donna Smith;0;0
31;Madelaine  Cartier;Madelaine;Madelaine Madelaine  Cartier;0;0
32;Annette Talon;Annette;Annette Annette Talon;0;0
33;Elias Myllari;Elias;Elias Elias Myllari;0;0
34;Vilma Niva;Vilma;Vilma Vilma Niva;0;0
35;Prem Prabhu;Prem;Prem Prem Prabhu;0;0
36;Sunita Jadhav;Sunita;Sunita Sunita Jadhav;0;0
37;Marcos Costa;Marcos;Marcos Marcos Costa;0;0
38;Matheus Oliveira;Matheus;Matheus Matheus Oliveira;0;0
39;Eliza Soderberg;Eliza;Eliza Eliza Soderberg;0;0
40;Sara Karlsson;Sara;Sara Sara Karlsson;0;0
41;Donald Jones;Donald;Donald Donald Jones;0;0
42;Sharon Graham;Sharon;Sharon Sharon Graham;0;0
43;Hai Dam;Hai;Hai Hai Dam;0;0
44;Thanh Dinh;Thanh;Thanh Thanh Dinh;0;0
45;Hubert Helms;Hubert;Hubert Hubert Helms;0;0
46;Donald Small;Donald;Donald Donald Small;0;0
1001;Waldemar Fisar;Waldemar;Waldemar Waldemar Fisar;0;0
1002;Laimonis Berzins;Laimonis;Laimonis Laimonis Berzins;0;0
1003;Lorena Cindric;Lorena;Lorena Lorena Cindric;0;0
1004;Hung Van Groesen;Hung;Hung Hung Van Groesen;0;0
1005;Bhaargav Rambhatla;Bhaargav;Bhaargav Bhaargav Rambhatla;0;0
1006;Mudar Jevtic;Mudar;Mudar Mudar Jevtic;0;0
1007;Daniel Roman;Daniel;Daniel Daniel Roman;0;0
1008;Leyla Radnia;Leyla;Leyla Leyla Radnia;0;0
1009;Johanna Huiting;Johanna;Johanna Johanna Huiting;0;0
1010;Robert Ruutli;Robert;Robert Robert Ruutli;0;0
1011;Biswajeet Thakur;Biswajeet;Biswajeet Biswajeet Thakur;0;0
1012;Radha Shah;Radha;Radha Radha Shah;0;0
1013;Kalidas Nadar;Kalidas;Kalidas Kalidas Nadar;0;0
1014;Filip Nedvidek;Filip;Filip Filip Nedvidek;0;0
1015;Kanti Kotadia;Kanti;Kanti Kanti Kotadia;0;0
1016;Hoa Cu;Hoa;Hoa Hoa Cu;0;0
1017;Sointu Aalto;Sointu;Sointu Sointu Aalto;0;0
1018;Jae-Gon Min;Jae-Gon;Jae-Gon Jae-Gon Min;0;0
1019;Siddhartha Parkar;Siddhartha;Siddhartha Siddhartha Parkar;0;0
1020;Paula Matos;Paula;Paula Paula Matos;0;0
1021;Elnaz Javan;Elnaz;Elnaz Elnaz Javan;0;0
1022;Jayashish Ghatak;Jayashish;Jayashish Jayashish Ghatak;0;0
1023;Heloisa Fernandes;Heloisa;Heloisa Heloisa Fernandes;0;0
1024;Amornrat Rattanaporn;Amornrat;Amornrat Amornrat Rattanaporn;0;0
1025;Razeena Hosseini;Razeena;Razeena Razeena Hosseini;0;0
1026;Leticia Ribeiro;Leticia;Leticia Leticia Ribeiro;0;0
1027;Tereza Valentova;Tereza;Tereza Tereza Valentova;0;0
1028;Brijesh Ganguly;Brijesh;Brijesh Brijesh Ganguly;0;0
1029;Filips Jaunzems;Filips;Filips Filips Jaunzems;0;0
1030;Bharati Bhowmick;Bharati;Bharati Bharati Bhowmick;0;0
1031;Nitin Matondkar;Nitin;Nitin Nitin Matondkar;0;0
1032;Joy Dutta;Joy;Joy Joy Dutta;0;0
1033;Adam Kubat;Adam;Adam Adam Kubat;0;0
1034;Gulzar Naidu;Gulzar;Gulzar Gulzar Naidu;0;0
1035;Isabelle Vodlan;Isabelle;Isabelle Isabelle Vodlan;0;0
1036;Prakash Sarma;Prakash;Prakash Prakash Sarma;0;0
1037;Mithun Bhattacharya;Mithun;Mithun Mithun Bhattacharya;0;0
1038;Sandhya Raju;Sandhya;Sandhya Sandhya Raju;0;0
1039;Nghi Hua;Nghi;Nghi Nghi Hua;0;0
1040;Ravindra Parkar;Ravindra;Ravindra Ravindra Parkar;0;0
1041;Duleep Raju;Duleep;Duleep Duleep Raju;0;0
1042;Vlatka Duvnjak;Vlatka;Vlatka Vlatka Duvnjak;0;0
1043;Cristina Longo;Cristina;Cristina Cristina Longo;0;0
1044;Antonio Lucchese;Antonio;Antonio Antonio Lucchese;0;0
1045;Hang Tang;Hang;Hang Hang Tang;0;0
1046;Hong Ang;Hong;Hong Hong Ang;0;0
1047;Intira Mookjai;Intira;Intira Intira Mookjai;0;0
1048;Young-Tae Kim;Young-Tae;Young-Tae Young-Tae Kim;0;0
1049;Sulabha Khalsa;Sulabha;Sulabha Sulabha Khalsa;0;0
1050;Alessandro Milano;Alessandro;Alessandro Alessandro Milano;0;0
1051;Dhanishta Majji;Dhanishta;Dhanishta Dhanishta Majji;0;0
1052;Nils Podnieks;Nils;Nils Nils Podnieks;0;0
1053;Paula Gonzales;Paula;Paula Paula Gonzales;0;0
1054;Chetana Dewangan;Chetana;Chetana Chetana Dewangan;0;0
1055;Tatjana Utjesenovic;Tatjana;Tatjana Tatjana Utjesenovic;0;0
1056;Theresa Boose;Theresa;Theresa Theresa Boose;0;0
1057;Karel Hanak;Karel;Karel Karel Hanak;0;0
1058;Fernanda Fierro;Fernanda;Fernanda Fernanda Fierro;0;0
1059;Odessa Schneider;Odessa;Odessa Odessa Schneider;0;0
1060;Konrads Sprogis;Konrads;Konrads Konrads Sprogis;0;0
1061;Kimberly Pace;Kimberly;Kimberly Kimberly Pace;0;0
1062;Shobha Gupta;Shobha;Shobha Shobha Gupta;0;0
1063;Nikolajs Kalejs;Nikolajs;Nikolajs Nikolajs Kalejs;0;0
1064;Philippe Lamy;Philippe;Philippe Philippe Lamy;0;0
1065;Haasini Rai;Haasini;Haasini Haasini Rai;0;0
1066;Viktorie Melicharova;Viktorie;Viktorie Viktorie Melicharova;0;0
1067;Anjali Asthana;Anjali;Anjali Anjali Asthana;0;0
1068;Hanuman Negi;Hanuman;Hanuman Hanuman Negi;0;0
1069;Shah Omidi;Shah;Shah Shah Omidi;0;0
1070;Chandra Mittal;Chandra;Chandra Chandra Mittal;0;0
1071;Ferhat Celik;Ferhat;Ferhat Ferhat Celik;0;0
1072;Leyla Celik;Leyla;Leyla Leyla Celik;0;0
1073;Dayarama Kamei;Dayarama;Dayarama Dayarama Kamei;0;0
1074;Elisabeth Flamand;Elisabeth;Elisabeth Elisabeth Flamand;0;0
1075;Nils Kalnins;Nils;Nils Nils Kalnins;0;0
1076;Rajiv Kotadia;Rajiv;Rajiv Rajiv Kotadia;0;0
1077;Ashish Acharya;Ashish;Ashish Ashish Acharya;0;0
1078;Filip Sedlar;Filip;Filip Filip Sedlar;0;0
1079;Alena Prikrylova;Alena;Alena Alena Prikrylova;0;0
1080;Catina Bojin;Catina;Catina Catina Bojin;0;0
1081;Lana Rozej;Lana;Lana Lana Rozej;0;0
1082;Kalpana Mukherjee;Kalpana;Kalpana Kalpana Mukherjee;0;0
1083;Chandrakanta Raut;Chandrakanta;Chandrakanta Chandrakanta Raut;0;0
1084;Ivan Castellanos;Ivan;Ivan Ivan Castellanos;0;0
1085;Ganapati Gadiyaram;Ganapati;Ganapati Ganapati Gadiyaram;0;0
1086;Parsa Blijleven;Parsa;Parsa Parsa Blijleven;0;0
1087;Adrijana Blagojevic;Adrijana;Adrijana Adrijana Blagojevic;0;0
1088;Lina Martins;Lina;Lina Lina Martins;0;0
1089;Lap Dinh;Lap;Lap Lap Dinh;0;0
1090;August Astrom;August;August August Astrom;0;0
1091;Didem ozCelik;Didem;Didem Didem ozCelik;0;0
1092;Krista Andrejev;Krista;Krista Krista Andrejev;0;0
1093;Serhat Akbulut;Serhat;Serhat Serhat Akbulut;0;0
1094;Nadja Johansson;Nadja;Nadja Nadja Johansson;0;0
1095;Daniela Barrios;Daniela;Daniela Daniela Barrios;0;0
1096;Daina Celma;Daina;Daina Daina Celma;0;0
1097;Julia Slobodova;Julia;Julia Julia Slobodova;0;0
1098;Raimonds Kalnins;Raimonds;Raimonds Raimonds Kalnins;0;0
1099;Marcela Jankova;Marcela;Marcela Marcela Jankova;0;0
1100;Predrag Stojanovic;Predrag;Predrag Predrag Stojanovic;0;0
1101;Dipali Sonkar;Dipali;Dipali Dipali Sonkar;0;0
1102;Mariana Apodaca;Mariana;Mariana Mariana Apodaca;0;0
1103;Bansidhar Mitra;Bansidhar;Bansidhar Bansidhar Mitra;0;0
1104;Liia Mae;Liia;Liia Liia Mae;0;0
1105;Gunnar Persson;Gunnar;Gunnar Gunnar Persson;0;0
1106;Parvati Modi;Parvati;Parvati Parvati Modi;0;0
1107;Vitezslav Rehak;Vitezslav;Vitezslav Vitezslav Rehak;0;0
1108;Parsa Van Vossen;Parsa;Parsa Parsa Van Vossen;0;0
1109;Bharat Sikdar;Bharat;Bharat Bharat Sikdar;0;0
1110;Alain Aupry;Alain;Alain Alain Aupry;0;0
1111;Juan Bezanson;Juan;Juan Juan Bezanson;0;0
1112;Ruby Charlton;Ruby;Ruby Ruby Charlton;0;0
1113;Aile Mae;Aile;Aile Aile Mae;0;0
1114;Margherita Lucchesi;Margherita;Margherita Margherita Lucchesi;0;0
1115;Pratap Varghese;Pratap;Pratap Pratap Varghese;0;0
1116;Marcel Marquis;Marcel;Marcel Marcel Marquis;0;0
1117;Margita Kopecka;Margita;Margita Margita Kopecka;0;0
1118;Mirjam Johansson;Mirjam;Mirjam Mirjam Johansson;0;0
1119;Lekha Mitra;Lekha;Lekha Lekha Mitra;0;0
1120;Seeta Bose;Seeta;Seeta Seeta Bose;0;0
1121;Abhoy PrabhupÄda;Abhoy;Abhoy Abhoy PrabhupÄda;0;0
1122;Seok-Ho Jeon;Seok-Ho;Seok-Ho Seok-Ho Jeon;0;0
1123;Alida Caune;Alida;Alida Alida Caune;0;0
1124;Indiana Fritzsche;Indiana;Indiana Indiana Fritzsche;0;0
1125;Agnes Szolosy;Agnes;Agnes Agnes Szolosy;0;0
1126;Yu-jin Jee;Yu-jin;Yu-jin Yu-jin Jee;0;0
1127;Rohana Kaskar;Rohana;Rohana Rohana Kaskar;0;0
1128;Grieta Kalnina;Grieta;Grieta Grieta Kalnina;0;0
1129;Hanuman Dubey;Hanuman;Hanuman Hanuman Dubey;0;0
1130;Paola Loggia;Paola;Paola Paola Loggia;0;0
1131;Bao Dao;Bao;Bao Bao Dao;0;0
1132;Viljo Lampsa;Viljo;Viljo Viljo Lampsa;0;0
1133;Preyakshna Aluri;Preyakshna;Preyakshna Preyakshna Aluri;0;0
1134;Chandan Raut;Chandan;Chandan Chandan Raut;0;0
1135;Valentina Conti;Valentina;Valentina Valentina Conti;0;0
1136;Narayan Mukherjee;Narayan;Narayan Narayan Mukherjee;0;0
1137;Theodore Saucier;Theodore;Theodore Theodore Saucier;0;0
1138;Chaowalit Pornpipatpong;Chaowalit;Chaowalit Chaowalit Pornpipatpong;0;0
1139;Mariana Fierro;Mariana;Mariana Mariana Fierro;0;0
1140;Ivana Kozakova;Ivana;Ivana Ivana Kozakova;0;0
1141;Afshin Djalili;Afshin;Afshin Afshin Djalili;0;0
1142;Vaclav Holy;Vaclav;Vaclav Vaclav Holy;0;0
1143;Bianh Phan;Bianh;Bianh Bianh Phan;0;0
1144;Kanti Pipalia;Kanti;Kanti Kanti Pipalia;0;0
1145;Koknesis Vitols;Koknesis;Koknesis Koknesis Vitols;0;0
1146;Malle Sepp;Malle;Malle Malle Sepp;0;0
1147;Roxane Rastgu;Roxane;Roxane Roxane Rastgu;0;0
1148;Hue Chu;Hue;Hue Hue Chu;0;0
1149;Vlasta Srbova;Vlasta;Vlasta Vlasta Srbova;0;0
1150;Gadhar Ghosh;Gadhar;Gadhar Gadhar Ghosh;0;0
1151;Lata Babu;Lata;Lata Lata Babu;0;0
1152;Chandra De;Chandra;Chandra Chandra De;0;0
1153;Airi Vassiljev;Airi;Airi Airi Vassiljev;0;0
1154;Hoang La;Hoang;Hoang Hoang La;0;0
1155;Duleep Walia;Duleep;Duleep Duleep Walia;0;0
1156;Satish Gill;Satish;Satish Satish Gill;0;0
1157;Matyas Macek;Matyas;Matyas Matyas Macek;0;0
1158;Ethan Hopkins;Ethan;Ethan Ethan Hopkins;0;0
1159;Bharat Ankitham;Bharat;Bharat Bharat Ankitham;0;0
1160;Be Phan;Be;Be Be Phan;0;0
1161;Vera Kubatova;Vera;Vera Vera Kubatova;0;0
1162;Diego Almeida;Diego;Diego Diego Almeida;0;0
1163;Rakesh Nishad;Rakesh;Rakesh Rakesh Nishad;0;0
1164;Huu Hoa;Huu;Huu Huu Hoa;0;0
1165;Sang Tran;Sang;Sang Sang Tran;0;0
1166;Bela Nemeth;Bela;Bela Bela Nemeth;0;0
1167;Eekalabya Bose;Eekalabya;Eekalabya Eekalabya Bose;0;0
1168;Margherita Bucco;Margherita;Margherita Margherita Bucco;0;0
1169;Tommy Kilpi;Tommy;Tommy Tommy Kilpi;0;0
1170;Giri Bhamidipati;Giri;Giri Giri Bhamidipati;0;0
1171;Andrea Ricci;Andrea;Andrea Andrea Ricci;0;0
1172;Chung-Ho Han;Chung-Ho;Chung-Ho Chung-Ho Han;0;0
1173;Isabell  Duperre;Isabell ;Isabell  Isabell  Duperre;0;0
1174;Jasna Vujica;Jasna;Jasna Jasna Vujica;0;0
1175;Amarendra Ankitham;Amarendra;Amarendra Amarendra Ankitham;0;0
1176;Isak Berggren;Isak;Isak Isak Berggren;0;0
1177;Aakarsha Nookala;Aakarsha;Aakarsha Aakarsha Nookala;0;0
1178;Ilgonis Rozitis;Ilgonis;Ilgonis Ilgonis Rozitis;0;0
1179;Stanislav Sedlar;Stanislav;Stanislav Stanislav Sedlar;0;0
1180;Telma Arvidsson;Telma;Telma Telma Arvidsson;0;0
1181;GokCe Karaca;GokCe;GokCe GokCe Karaca;0;0
1182;Maria Munteanu;Maria;Maria Maria Munteanu;0;0
1183;Coralie Emond;Coralie;Coralie Coralie Emond;0;0
1184;Cong Trung;Cong;Cong Cong Trung;0;0
1185;Karina Celmina;Karina;Karina Karina Celmina;0;0
1186;Nik Stoimenova;Nik;Nik Nik Stoimenova;0;0
1187;Teresa Pisani;Teresa;Teresa Teresa Pisani;0;0
1188;Murugan Thakur;Murugan;Murugan Murugan Thakur;0;0
1189;Alba Ponce;Alba;Alba Alba Ponce;0;0
1190;Antra Dzene;Antra;Antra Antra Dzene;0;0
1191;Piper Leigh;Piper;Piper Piper Leigh;0;0
1192;Jautrite Krievina;Jautrite;Jautrite Jautrite Krievina;0;0
1193;Karie Seymour;Karie;Karie Karie Seymour;0;0
1194;Lorenzo Lee;Lorenzo;Lorenzo Lorenzo Lee;0;0
1195;Timea Peto;Timea;Timea Timea Peto;0;0
1196;Amanat Shaker Doust;Amanat;Amanat Amanat Shaker Doust;0;0
1197;Victoria Ene;Victoria;Victoria Victoria Ene;0;0
1198;Panit Meesang;Panit;Panit Panit Meesang;0;0
1199;Bhavani Bhowmick;Bhavani;Bhavani Bhavani Bhowmick;0;0
1200;Ivica Debeljak;Ivica;Ivica Ivica Debeljak;0;0
1201;Yasmine Berggren;Yasmine;Yasmine Yasmine Berggren;0;0
1202;Anima Bagchi;Anima;Anima Anima Bagchi;0;0
1203;Tea Koppel;Tea;Tea Tea Koppel;0;0
1204;Bozena Palatova;Bozena;Bozena Bozena Palatova;0;0
1205;Naseem Radan;Naseem;Naseem Naseem Radan;0;0
1206;Geza Olteanu;Geza;Geza Geza Olteanu;0;0
1207;Laboni Deb;Laboni;Laboni Laboni Deb;0;0
1208;Antonin Klaus;Antonin;Antonin Antonin Klaus;0;0
1209;Sung-Hwan Hwang;Sung-Hwan;Sung-Hwan Sung-Hwan Hwang;0;0
1210;Reigo Rebane;Reigo;Reigo Reigo Rebane;0;0
1211;Shiva Pipalia;Shiva;Shiva Shiva Pipalia;0;0
1212;Aishwarya Beniwal;Aishwarya;Aishwarya Aishwarya Beniwal;0;0
1213;Karie Mercier;Karie;Karie Karie Mercier;0;0
1214;Milada Buresova;Milada;Milada Milada Buresova;0;0
1215;Bhanu Thota;Bhanu;Bhanu Bhanu Thota;0;0
1216;Cyrus Poursokh;Cyrus;Cyrus Cyrus Poursokh;0;0
1217;Ae-Cha Joo;Ae-Cha;Ae-Cha Ae-Cha Joo;0;0
1218;Jawid Pourali;Jawid;Jawid Jawid Pourali;0;0
1219;Dinara Saparkyzy;Dinara;Dinara Dinara Saparkyzy;0;0
1220;Karel Sedlar;Karel;Karel Karel Sedlar;0;0
1221;Adam Dvorak;Adam;Adam Adam Dvorak;0;0
1222;Dhanishta Vankayala;Dhanishta;Dhanishta Dhanishta Vankayala;0;0
1223;Ingrida Celmina;Ingrida;Ingrida Ingrida Celmina;0;0
1224;Be Dang;Be;Be Be Dang;0;0
1225;Jae-Hwa Jang;Jae-Hwa;Jae-Hwa Jae-Hwa Jang;0;0
1226;Clara Cunha;Clara;Clara Clara Cunha;0;0
1227;Duck-Hwan Bae;Duck-Hwan;Duck-Hwan Duck-Hwan Bae;0;0
1228;Surya Mishra;Surya;Surya Surya Mishra;0;0
1229;Jagoda Vasiljevic;Jagoda;Jagoda Jagoda Vasiljevic;0;0
1230;Eero Raud;Eero;Eero Eero Raud;0;0
1231;Toma Nastase;Toma;Toma Toma Nastase;0;0
1232;Arjuna Haldar;Arjuna;Arjuna Arjuna Haldar;0;0
1233;Valerio Cardoso;Valerio;Valerio Valerio Cardoso;0;0
1234;Zac Wintle;Zac;Zac Zac Wintle;0;0
1235;Ileana Aguilar;Ileana;Ileana Ileana Aguilar;0;0
1236;Cai Nguyen;Cai;Cai Cai Nguyen;0;0
1237;Tjasa Weitzer;Tjasa;Tjasa Tjasa Weitzer;0;0
1238;Shefali Bose;Shefali;Shefali Shefali Bose;0;0
1239;Lucas Van Veenen;Lucas;Lucas Lucas Van Veenen;0;0
1240;Farzana Saidi;Farzana;Farzana Farzana Saidi;0;0
1241;Steven Frasier;Steven;Steven Steven Frasier;0;0
1242;Amaranaath Muppavarapu;Amaranaath;Amaranaath Amaranaath Muppavarapu;0;0
1243;Mauri Enestam;Mauri;Mauri Mauri Enestam;0;0
1244;Lakshmi Nair;Lakshmi;Lakshmi Lakshmi Nair;0;0
1245;Ella Zvirbule;Ella;Ella Ella Zvirbule;0;0
1246;Vicente ChÃ¡vez;Vicente;Vicente Vicente ChÃ¡vez;0;0
1247;Sevim AydÄ±n;Sevim;Sevim Sevim AydÄ±n;0;0
1248;Tamer Ayhan;Tamer;Tamer Tamer Ayhan;0;0
1249;Blanka Stavinohova;Blanka;Blanka Blanka Stavinohova;0;0
1250;Josefa Diaz;Josefa;Josefa Josefa Diaz;0;0
1251;Akanksha Iyengar;Akanksha;Akanksha Akanksha Iyengar;0;0
1252;Markus Kantee;Markus;Markus Markus Kantee;0;0
1253;Kertu Smirnov;Kertu;Kertu Kertu Smirnov;0;0
1254;Lovro Kulaga;Lovro;Lovro Lovro Kulaga;0;0
1255;Jure Grabensek;Jure;Jure Jure Grabensek;0;0
1256;Chompunut Jetjirawat;Chompunut;Chompunut Chompunut Jetjirawat;0;0
1257;Javiera Madera;Javiera;Javiera Javiera Madera;0;0
1258;Geetanjali Bagchi;Geetanjali;Geetanjali Geetanjali Bagchi;0;0
1259;Aija Mottola;Aija;Aija Aija Mottola;0;0
1260;Elli Berg;Elli;Elli Elli Berg;0;0
1261;Darshan Gupta;Darshan;Darshan Darshan Gupta;0;0
1262;Prem Reddy;Prem;Prem Prem Reddy;0;0
1263;Akanksha Sarma;Akanksha;Akanksha Akanksha Sarma;0;0
1264;Edward Alfred;Edward;Edward Edward Alfred;0;0
1265;Aino Kallas;Aino;Aino Aino Kallas;0;0
1266;Dhaaruni Vinjamuri;Dhaaruni;Dhaaruni Dhaaruni Vinjamuri;0;0
1267;An Dung Phung;An Dung;An Dung An Dung Phung;0;0
1268;Ioana Ibanescu;Ioana;Ioana Ioana Ibanescu;0;0
1269;Gaurav Sikdar;Gaurav;Gaurav Gaurav Sikdar;0;0
1270;Christian Berggren;Christian;Christian Christian Berggren;0;0
1271;Anirban Sen;Anirban;Anirban Anirban Sen;0;0
1272;Joel Koivisto;Joel;Joel Joel Koivisto;0;0
1273;Chandrakanta Benjaree;Chandrakanta;Chandrakanta Chandrakanta Benjaree;0;0
1274;Joy Das;Joy;Joy Joy Das;0;0
1275;Badari Chadalavada;Badari;Badari Badari Chadalavada;0;0
1276;Zala Ude;Zala;Zala Zala Ude;0;0
1277;Gabriele Udinesi;Gabriele;Gabriele Gabriele Udinesi;0;0
1278;Murugan Dewangan;Murugan;Murugan Murugan Dewangan;0;0
1279;Malay PrabhupÄda;Malay;Malay Malay PrabhupÄda;0;0
1280;Nghi Ly;Nghi;Nghi Nghi Ly;0;0
1281;Hedi Koppel;Hedi;Hedi Hedi Koppel;0;0
1282;Teodors Klavins;Teodors;Teodors Teodors Klavins;0;0
1283;Denisa Ioveanu;Denisa;Denisa Denisa Ioveanu;0;0
1284;Cosmin Nutiu;Cosmin;Cosmin Cosmin Nutiu;0;0
1285;Vaclav Polaskova;Vaclav;Vaclav Vaclav Polaskova;0;0
1286;Georg Valbe;Georg;Georg Georg Valbe;0;0
1287;Pramod Nishad;Pramod;Pramod Pramod Nishad;0;0
1288;Avani Aggarwal;Avani;Avani Avani Aggarwal;0;0
1289;Prasong Tuntayakul;Prasong;Prasong Prasong Tuntayakul;0;0
1290;Mariela Pasek;Mariela;Mariela Mariela Pasek;0;0
1291;Aija Zvaigzne;Aija;Aija Aija Zvaigzne;0;0
1292;Dharanikumaar Sonti;Dharanikumaar;Dharanikumaar Dharanikumaar Sonti;0;0
1293;Gilbert Pelland;Gilbert;Gilbert Gilbert Pelland;0;0
1294;Ngoc Cao;Ngoc;Ngoc Ngoc Cao;0;0
1295;Marcella Napolitani;Marcella;Marcella Marcella Napolitani;0;0
1296;Pavol Oravec;Pavol;Pavol Pavol Oravec;0;0
1297;Femke Hollenberg;Femke;Femke Femke Hollenberg;0;0
1298;Roman Kubat;Roman;Roman Roman Kubat;0;0
1299;Brita Jarvi;Brita;Brita Brita Jarvi;0;0
1300;Lucie Hrdlickova;Lucie;Lucie Lucie Hrdlickova;0;0
1301;Donato Araujo;Donato;Donato Donato Araujo;0;0
1302;Alaine Berthelette;Alaine;Alaine Alaine Berthelette;0;0
1303;Aleksander Jarvi;Aleksander;Aleksander Aleksander Jarvi;0;0
1304;Kurt Konecny;Kurt;Kurt Kurt Konecny;0;0
1305;Malati Shenoy;Malati;Malati Malati Shenoy;0;0
1306;Duong Duong;Duong;Duong Duong Duong;0;0
1307;Gui-Hyun Ji;Gui-Hyun;Gui-Hyun Gui-Hyun Ji;0;0
1308;Karl Kangur;Karl;Karl Karl Kangur;0;0
1309;Michal Polaskova;Michal;Michal Michal Polaskova;0;0
1310;Debendra Chakraborty;Debendra;Debendra Debendra Chakraborty;0;0
1311;Dilara Ayhan;Dilara;Dilara Dilara Ayhan;0;0
1312;Virgiliu Vladu;Virgiliu;Virgiliu Virgiliu Vladu;0;0
1313;Peter Macias;Peter;Peter Peter Macias;0;0
1314;Nasrin Fard;Nasrin;Nasrin Nasrin Fard;0;0
1315;Kurt Lukes;Kurt;Kurt Kurt Lukes;0;0
1316;Daman Devulapalli;Daman;Daman Daman Devulapalli;0;0
1317;Beatrise Bite;Beatrise;Beatrise Beatrise Bite;0;0
1318;Hele Semjonov;Hele;Hele Hele Semjonov;0;0
1319;Bishwanath Ghosh;Bishwanath;Bishwanath Bishwanath Ghosh;0;0
1320;Gasper Jovicevic;Gasper;Gasper Gasper Jovicevic;0;0
1321;Gianguido Lucchesi;Gianguido;Gianguido Gianguido Lucchesi;0;0
1322;Harihar Chatterjee;Harihar;Harihar Harihar Chatterjee;0;0
1323;Nu Bach;Nu;Nu Nu Bach;0;0
1324;Gautama Reddy;Gautama;Gautama Gautama Reddy;0;0
1325;Ivonna Ene;Ivonna;Ivonna Ivonna Ene;0;0
1326;Girish Banerjee;Girish;Girish Girish Banerjee;0;0
1327;Ceyhun sahin;Ceyhun;Ceyhun Ceyhun sahin;0;0
1328;Dhir Bhattacharya;Dhir;Dhir Dhir Bhattacharya;0;0
1329;Tian Peng;Tian;Tian Tian Peng;0;0
1330;Mariano Costa;Mariano;Mariano Mariano Costa;0;0
1331;Vlastimil Bohuslav;Vlastimil;Vlastimil Vlastimil Bohuslav;0;0
1332;Beau  Boule;Beau ;Beau  Beau  Boule;0;0
1333;Nejc Vosnik;Nejc;Nejc Nejc Vosnik;0;0
1334;Amalendu Veturi;Amalendu;Amalendu Amalendu Veturi;0;0
1335;Anindo Mazumdar;Anindo;Anindo Anindo Mazumdar;0;0
1336;Tarja Saikkonen;Tarja;Tarja Tarja Saikkonen;0;0
1337;Nils Balodis;Nils;Nils Nils Balodis;0;0
1338;Bernadette    Potvin;Bernadette   ;Bernadette    Bernadette    Potvin;0;0
1339;Daniella Barbosa;Daniella;Daniella Daniella Barbosa;0;0
1340;Nancy Hansson;Nancy;Nancy Nancy Hansson;0;0
1341;Raymond Levesque;Raymond;Raymond Raymond Levesque;0;0
1342;Linda Fisher;Linda;Linda Linda Fisher;0;0
1343;Raymond Desforges;Raymond;Raymond Raymond Desforges;0;0
1344;Stern Neumann;Stern;Stern Stern Neumann;0;0
1345;Raju Atluri;Raju;Raju Raju Atluri;0;0
1346;Cezar Preda;Cezar;Cezar Cezar Preda;0;0
1347;Matyas Bohuslav;Matyas;Matyas Matyas Bohuslav;0;0
1348;Ambaajeeraav Ghattamaneni;Ambaajeeraav;Ambaajeeraav Ambaajeeraav Ghattamaneni;0;0
1349;Julio Correa;Julio;Julio Julio Correa;0;0
1350;Hamsapriya Nandamuri;Hamsapriya;Hamsapriya Hamsapriya Nandamuri;0;0
1351;Banshari De;Banshari;Banshari Banshari De;0;0
1352;Sudhir Yadav;Sudhir;Sudhir Sudhir Yadav;0;0
1353;Ngai Lam;Ngai;Ngai Ngai Lam;0;0
1354;Camille Hetu;Camille;Camille Camille Hetu;0;0
1355;Hyun-Doo Song;Hyun-Doo;Hyun-Doo Hyun-Doo Song;0;0
1356;BahadÄ±r Korkmaz;BahadÄ±r;BahadÄ±r BahadÄ±r Korkmaz;0;0
1357;Gabriela Srbova;Gabriela;Gabriela Gabriela Srbova;0;0
1358;Priya kaushal;Priya;Priya Priya kaushal;0;0
1359;Serkan senturk;Serkan;Serkan Serkan senturk;0;0
1360;Fatemeh Javan;Fatemeh;Fatemeh Fatemeh Javan;0;0
1361;Aahlada Thota;Aahlada;Aahlada Aahlada Thota;0;0
1362;Marten Keskkula;Marten;Marten Marten Keskkula;0;0
1363;Ayberk sahin;Ayberk;Ayberk Ayberk sahin;0;0
1364;Magda Ciora;Magda;Magda Magda Ciora;0;0
1365;Kaan Tekin;Kaan;Kaan Kaan Tekin;0;0
1366;Harshini Kommineni;Harshini;Harshini Harshini Kommineni;0;0
1367;Lata Khandke;Lata;Lata Lata Khandke;0;0
1368;Emil Nutiu;Emil;Emil Emil Nutiu;0;0
1369;Truman Eder;Truman;Truman Truman Eder;0;0
1370;Lale Javan;Lale;Lale Lale Javan;0;0
1371;Lorraine Paulet;Lorraine;Lorraine Lorraine Paulet;0;0
1372;Yusuf Johansson;Yusuf;Yusuf Yusuf Johansson;0;0
1373;Biplab De;Biplab;Biplab Biplab De;0;0
1374;Dhanishta Kidambi;Dhanishta;Dhanishta Dhanishta Kidambi;0;0
1375;Rachelle Brasseur;Rachelle;Rachelle Rachelle Brasseur;0;0
1376;Bholanath Das;Bholanath;Bholanath Bholanath Das;0;0
1377;Sara Charlton;Sara;Sara Sara Charlton;0;0
1378;Libor safranek;Libor;Libor Libor safranek;0;0
1379;Ramesh Mukherjee;Ramesh;Ramesh Ramesh Mukherjee;0;0
1380;Byung-Hyun Gwak;Byung-Hyun;Byung-Hyun Byung-Hyun Gwak;0;0
1381;Ester Ahmadian;Ester;Ester Ester Ahmadian;0;0
1382;Kanika Mazumdar;Kanika;Kanika Kanika Mazumdar;0;0
1383;Daniel Magnusson;Daniel;Daniel Daniel Magnusson;0;0
1384;Cemal Dogan;Cemal;Cemal Cemal Dogan;0;0
1385;Jack Carpenter;Jack;Jack Jack Carpenter;0;0
1386;Am Lieu;Am;Am Am Lieu;0;0
1387;Thomas Fischer;Thomas;Thomas Thomas Fischer;0;0
1388;Neil Logan;Neil;Neil Neil Logan;0;0
1389;Viollette Monty;Viollette;Viollette Viollette Monty;0;0
1390;Gita Dutta;Gita;Gita Gita Dutta;0;0
1391;Alinne Cardoso;Alinne;Alinne Alinne Cardoso;0;0
1392;Uma Pandit;Uma;Uma Uma Pandit;0;0
1393;Mani Poddar;Mani;Mani Mani Poddar;0;0
1394;Rama Mukaddam;Rama;Rama Rama Mukaddam;0;0
1395;Deakshitulu Mokkapati;Deakshitulu;Deakshitulu Deakshitulu Mokkapati;0;0
1396;Tereza PinÄakova;Tereza;Tereza Tereza PinÄakova;0;0
1397;Cezar Pavel;Cezar;Cezar Cezar Pavel;0;0
1398;Bahaar Yekta;Bahaar;Bahaar Bahaar Yekta;0;0
1399;Fanni Benko;Fanni;Fanni Fanni Benko;0;0
1400;Amar Dutta;Amar;Amar Amar Dutta;0;0
1401;Brenda Morgan;Brenda;Brenda Brenda Morgan;0;0
1402;Kamal Nakhtare;Kamal;Kamal Kamal Nakhtare;0;0
2001;Olga Alexandrova;Olga;Olga Olga Alexandrova;0;0
2002;Bibi Javan;Bibi;Bibi Bibi Javan;0;0
2003;Maris Baltins;Maris;Maris Maris Baltins;0;0
2004;Taneli Hahl;Taneli;Taneli Taneli Hahl;0;0
2005;Parsa Reuser;Parsa;Parsa Parsa Reuser;0;0
2006;Da-eun Kwak;Da-eun;Da-eun Da-eun Kwak;0;0
2007;Duleep Srivastava;Duleep;Duleep Duleep Srivastava;0;0
2008;Kurt Balog;Kurt;Kurt Kurt Balog;0;0
2009;Miran Nikolic;Miran;Miran Miran Nikolic;0;0
2010;Indra Mudaliyar;Indra;Indra Indra Mudaliyar;0;0
2011;Calin Bojin;Calin;Calin Calin Bojin;0;0
2012;Maxime Westerink;Maxime;Maxime Maxime Westerink;0;0
2013;Lang Le;Lang;Lang Lang Le;0;0
2014;Bozena Divisova;Bozena;Bozena Bozena Divisova;0;0
2015;Bhaagyalakshmi Muppavarapu;Bhaagyalakshmi;Bhaagyalakshmi Bhaagyalakshmi Muppavarapu;0;0
2016;Durjoy Bose;Durjoy;Durjoy Durjoy Bose;0;0
2017;Dimitry Nechita;Dimitry;Dimitry Dimitry Nechita;0;0
2018;Meredith Padilla;Meredith;Meredith Meredith Padilla;0;0
2019;Miroslav Kohout;Miroslav;Miroslav Miroslav Kohout;0;0
2020;Teresa Torres;Teresa;Teresa Teresa Torres;0;0
2021;Fransje Mutlu;Fransje;Fransje Fransje Mutlu;0;0
2022;Karel Hybl;Karel;Karel Karel Hybl;0;0
2023;Chati Ornlamai;Chati;Chati Chati Ornlamai;0;0
2024;Tajana Lovric;Tajana;Tajana Tajana Lovric;0;0
2025;Raine Knihtila;Raine;Raine Raine Knihtila;0;0
2026;Dhir Mazumdar;Dhir;Dhir Dhir Mazumdar;0;0
2027;Lan Chu;Lan;Lan Lan Chu;0;0
2028;Tereza Prikrylova;Tereza;Tereza Tereza Prikrylova;0;0
2029;Maurice English;Maurice;Maurice Maurice English;0;0
2030;Daniella Ribeiro;Daniella;Daniella Daniella Ribeiro;0;0
2031;Irene Sepp;Irene;Irene Irene Sepp;0;0
2032;Hubert Fields;Hubert;Hubert Hubert Fields;0;0
2033;Chandranath Bose;Chandranath;Chandranath Chandranath Bose;0;0
2034;Gaurav Acharya;Gaurav;Gaurav Gaurav Acharya;0;0
2035;Ana Julijana Isa;Ana Julijana;Ana Julijana Ana Julijana Isa;0;0
2036;Libor Klaus;Libor;Libor Libor Klaus;0;0
2037;Gireesh Bhogireddy;Gireesh;Gireesh Gireesh Bhogireddy;0;0
2038;Stanislav Zeman;Stanislav;Stanislav Stanislav Zeman;0;0
2039;Premwadee Atitarn;Premwadee;Premwadee Premwadee Atitarn;0;0
2040;Deeptendu Das;Deeptendu;Deeptendu Deeptendu Das;0;0
2041;Nishant Patil;Nishant;Nishant Nishant Patil;0;0
2042;Bhaagyalakshmi Rajanala;Bhaagyalakshmi;Bhaagyalakshmi Bhaagyalakshmi Rajanala;0;0
2043;Rohan Das;Rohan;Rohan Rohan Das;0;0
2044;Bhaanusree Ankitham;Bhaanusree;Bhaanusree Bhaanusree Ankitham;0;0
2045;Aamdaal Kamasamudram;Aamdaal;Aamdaal Aamdaal Kamasamudram;0;0
2046;Karita Rosberg;Karita;Karita Karita Rosberg;0;0
2047;Baebeesarasvati Kamasamudram;Baebeesarasvati;Baebeesarasvati Baebeesarasvati Kamasamudram;0;0
2048;Hana Palatova;Hana;Hana Hana Palatova;0;0
2049;Marcello Dellucci;Marcello;Marcello Marcello Dellucci;0;0
2050;Shobha Raju;Shobha;Shobha Shobha Raju;0;0
2051;Mee-Kyong Sin;Mee-Kyong;Mee-Kyong Mee-Kyong Sin;0;0
2052;VÄ›ra Kopecka;VÄ›ra;VÄ›ra VÄ›ra Kopecka;0;0
2053;Ivica LuÄic;Ivica;Ivica Ivica LuÄic;0;0
2054;David Svoboda;David;David David Svoboda;0;0
2055;Vinicius Correa;Vinicius;Vinicius Vinicius Correa;0;0
2056;Surat Pornpipatpong;Surat;Surat Surat Pornpipatpong;0;0
2057;Fabio Pena;Fabio;Fabio Fabio Pena;0;0
2058;Kauan Gomes;Kauan;Kauan Kauan Gomes;0;0
2059;Lakshmi Roy;Lakshmi;Lakshmi Lakshmi Roy;0;0
2060;Kersti Mihhailov;Kersti;Kersti Kersti Mihhailov;0;0
2061;Selma Seppanen;Selma;Selma Selma Seppanen;0;0
2062;Danielle  Brasseur;Danielle ;Danielle  Danielle  Brasseur;0;0
2063;Bay Ly;Bay;Bay Bay Ly;0;0
2064;Sanjiv Raina;Sanjiv;Sanjiv Sanjiv Raina;0;0
2065;Adirake Saenamuang;Adirake;Adirake Adirake Saenamuang;0;0
2066;Leena De;Leena;Leena Leena De;0;0
2067;Tarja Penttila;Tarja;Tarja Tarja Penttila;0;0
2068;Gunnar Larsson;Gunnar;Gunnar Gunnar Larsson;0;0
2069;Devendranath Huq;Devendranath;Devendranath Devendranath Huq;0;0
2070;Vicente Cabrera;Vicente;Vicente Vicente Cabrera;0;0
2071;Enes Olsson;Enes;Enes Enes Olsson;0;0
2072;Milada Kubatova;Milada;Milada Milada Kubatova;0;0
2073;Vanja Grgic;Vanja;Vanja Vanja Grgic;0;0
2074;Daniela Omelkova;Daniela;Daniela Daniela Omelkova;0;0
2075;Dayaram Mishra;Dayaram;Dayaram Dayaram Mishra;0;0
2076;Gal Kokeza;Gal;Gal Gal Kokeza;0;0
2077;Mina Omidzadeh;Mina;Mina Mina Omidzadeh;0;0
2078;Adrian Bengtsson;Adrian;Adrian Adrian Bengtsson;0;0
2079;Kadir Usenuly;Kadir;Kadir Kadir Usenuly;0;0
2080;Rajiv Shasthri;Rajiv;Rajiv Rajiv Shasthri;0;0
2081;Kajsa Jakobsson;Kajsa;Kajsa Kajsa Jakobsson;0;0
2082;Elnaz Rahimi;Elnaz;Elnaz Elnaz Rahimi;0;0
2083;Rahul Ghate;Rahul;Rahul Rahul Ghate;0;0
2084;Chuan Wongsawat;Chuan;Chuan Chuan Wongsawat;0;0
2085;Lien Banh;Lien;Lien Lien Banh;0;0
2086;Anshula Mitra;Anshula;Anshula Anshula Mitra;0;0
2087;Divyendu Chakraborty;Divyendu;Divyendu Divyendu Chakraborty;0;0
2088;Rita Kauppi;Rita;Rita Rita Kauppi;0;0
2089;An Dung Ngo;An Dung;An Dung An Dung Ngo;0;0
2090;Pranav Yadav;Pranav;Pranav Pranav Yadav;0;0
2091;Chetana Kamath;Chetana;Chetana Chetana Kamath;0;0
2092;Isabelina Flores;Isabelina;Isabelina Isabelina Flores;0;0
2093;Premwadee Saowaluk;Premwadee;Premwadee Premwadee Saowaluk;0;0
2094;Adam Balaz;Adam;Adam Adam Balaz;0;0
2095;Jae-Hwa Min;Jae-Hwa;Jae-Hwa Jae-Hwa Min;0;0
2096;Rafael Pena;Rafael;Rafael Rafael Pena;0;0
2097;Catalina Nechita;Catalina;Catalina Catalina Nechita;0;0
2098;Robert Cosic;Robert;Robert Robert Cosic;0;0
2099;Constanza Laureano;Constanza;Constanza Constanza Laureano;0;0
2100;Sunil Nakhtare;Sunil;Sunil Sunil Nakhtare;0;0
2101;Aakriti Bhamidipati;Aakriti;Aakriti Aakriti Bhamidipati;0;0
2102;Sakchai Supitayaporn;Sakchai;Sakchai Sakchai Supitayaporn;0;0
2103;Himadri PrabhupÄda;Himadri;Himadri Himadri PrabhupÄda;0;0
2104;Lukas Kohout;Lukas;Lukas Lukas Kohout;0;0
2105;Bryan Helms;Bryan;Bryan Bryan Helms;0;0
2106;Julianna Makay;Julianna;Julianna Julianna Makay;0;0
2107;Harri Kask;Harri;Harri Harri Kask;0;0
2108;Rakhshinda Mansouri;Rakhshinda;Rakhshinda Rakhshinda Mansouri;0;0
2109;Ilse Sandell;Ilse;Ilse Ilse Sandell;0;0
2110;Tibor Harsanyi;Tibor;Tibor Tibor Harsanyi;0;0
2111;Subhash Matondkar;Subhash;Subhash Subhash Matondkar;0;0
2112;Gurudas De;Gurudas;Gurudas Gurudas De;0;0
2113;Eesvaraavu Ankitham;Eesvaraavu;Eesvaraavu Eesvaraavu Ankitham;0;0
2114;Angelina Karlsson;Angelina;Angelina Angelina Karlsson;0;0
2115;Miguel Paez;Miguel;Miguel Miguel Paez;0;0
2116;Anukul Dey;Anukul;Anukul Anukul Dey;0;0
2117;Tobias Gruber;Tobias;Tobias Tobias Gruber;0;0
2118;Jitka Stastna;Jitka;Jitka Jitka Stastna;0;0
2119;Daniela Dumina;Daniela;Daniela Daniela Dumina;0;0
2120;Fahmidah Fallahi;Fahmidah;Fahmidah Fahmidah Fallahi;0;0
2121;Ganesh Mukherjee;Ganesh;Ganesh Ganesh Mukherjee;0;0
2122;Hector Parra;Hector;Hector Hector Parra;0;0
2123;Avanti Nishad;Avanti;Avanti Avanti Nishad;0;0
2124;Gino Sal;Gino;Gino Gino Sal;0;0
2125;Daedeepya Thota;Daedeepya;Daedeepya Daedeepya Thota;0;0
2126;Lekha Sen;Lekha;Lekha Lekha Sen;0;0
2127;Gabriela Chirila;Gabriela;Gabriela Gabriela Chirila;0;0
2128;Elina Bite;Elina;Elina Elina Bite;0;0
2129;Nagur Atluri;Nagur;Nagur Nagur Atluri;0;0
2130;Hanita Kamasamudram;Hanita;Hanita Hanita Kamasamudram;0;0
2131;Sintja Buecek;Sintja;Sintja Sintja Buecek;0;0
2132;Esha Singh;Esha;Esha Esha Singh;0;0
2133;Pongrit Srisati;Pongrit;Pongrit Pongrit Srisati;0;0
2134;Hanna Piip;Hanna;Hanna Hanna Piip;0;0
2135;Linda Green;Linda;Linda Linda Green;0;0
2136;Baalamurali Kommineni;Baalamurali;Baalamurali Baalamurali Kommineni;0;0
2137;Sarmis Skujins;Sarmis;Sarmis Sarmis Skujins;0;0
2138;Amporn Jetjirawat;Amporn;Amporn Amporn Jetjirawat;0;0
2139;Libuse Srbova;Libuse;Libuse Libuse Srbova;0;0
2140;Jimme Harmsen;Jimme;Jimme Jimme Harmsen;0;0
2141;Viktorie Stejskalova;Viktorie;Viktorie Viktorie Stejskalova;0;0
2142;Bishnu Bandopadhyay;Bishnu;Bishnu Bishnu Bandopadhyay;0;0
2143;Slavko Pavlovic;Slavko;Slavko Slavko Pavlovic;0;0
2144;Malorie Dupuy;Malorie;Malorie Malorie Dupuy;0;0
2145;Doru Munteanu;Doru;Doru Doru Munteanu;0;0
2146;Ankita Mittal;Ankita;Ankita Ankita Mittal;0;0
2147;Aile Aasmae;Aile;Aile Aile Aasmae;0;0
2148;Ezgi Kaya;Ezgi;Ezgi Ezgi Kaya;0;0
2149;Ava Edden;Ava;Ava Ava Edden;0;0
2150;Adirake Narkbunnum;Adirake;Adirake Adirake Narkbunnum;0;0
2151;Manali Bose;Manali;Manali Manali Bose;0;0
2152;Ji-min Jun;Ji-min;Ji-min Ji-min Jun;0;0
2153;Astrid Poisson;Astrid;Astrid Astrid Poisson;0;0
2154;Timotej stakne;Timotej;Timotej Timotej stakne;0;0
2155;Gi-Suk Heo;Gi-Suk;Gi-Suk Gi-Suk Heo;0;0
2156;Roman Tomek;Roman;Roman Roman Tomek;0;0
2157;Irma Kruze;Irma;Irma Irma Kruze;0;0
2158;VÄ›ra Stejskalova;VÄ›ra;VÄ›ra VÄ›ra Stejskalova;0;0
2159;Dhaeraemdranaadh Pamulaparthi;Dhaeraemdranaadh;Dhaeraemdranaadh Dhaeraemdranaadh Pamulaparthi;0;0
2160;Victoria Brezeanu;Victoria;Victoria Victoria Brezeanu;0;0
2161;Agrita Kalnina;Agrita;Agrita Agrita Kalnina;0;0
2162;Burak ozden;Burak;Burak Burak ozden;0;0
2163;Ravindra Sandhu;Ravindra;Ravindra Ravindra Sandhu;0;0
2164;Iulia Nechita;Iulia;Iulia Iulia Nechita;0;0
2165;Klara Rakus;Klara;Klara Klara Rakus;0;0
2166;Razeena Rezaei;Razeena;Razeena Razeena Rezaei;0;0
2167;Am Lo;Am;Am Am Lo;0;0
2168;Edmee Schol;Edmee;Edmee Edmee Schol;0;0
2169;Sophie Van Lier;Sophie;Sophie Sophie Van Lier;0;0
2170;Shiva Nair;Shiva;Shiva Shiva Nair;0;0
2171;Dimitry Profis;Dimitry;Dimitry Dimitry Profis;0;0
2172;Manindra Desai;Manindra;Manindra Manindra Desai;0;0
2173;Jan Zeman;Jan;Jan Jan Zeman;0;0
2174;Jukka-Pekk Saarijarvi;Jukka-Pekk;Jukka-Pekk Jukka-Pekk Saarijarvi;0;0
2175;Ranjit Dikshit;Ranjit;Ranjit Ranjit Dikshit;0;0
2176;Marek Blaho;Marek;Marek Marek Blaho;0;0
2177;Varuna Ganguly;Varuna;Varuna Varuna Ganguly;0;0
2178;Natalia Pokorna;Natalia;Natalia Natalia Pokorna;0;0
2179;Basak Tekin;Basak;Basak Basak Tekin;0;0
2180;Nicole Martinez;Nicole;Nicole Nicole Martinez;0;0
2181;Doru Tirlea;Doru;Doru Doru Tirlea;0;0
2182;Hema Jujjavarapu;Hema;Hema Hema Jujjavarapu;0;0
2183;Jessica Perrine;Jessica;Jessica Jessica Perrine;0;0
2184;Mukta Sarkar;Mukta;Mukta Mukta Sarkar;0;0
2185;Yavuz Cetinkaya;Yavuz;Yavuz Yavuz Cetinkaya;0;0
2186;Jaydeb Ganguly;Jaydeb;Jaydeb Jaydeb Ganguly;0;0
2187;Sirirat Kongpaisarn;Sirirat;Sirirat Sirirat Kongpaisarn;0;0
2188;Himani Sanyal;Himani;Himani Himani Sanyal;0;0
2189;Claude Bonsaint;Claude;Claude Claude Bonsaint;0;0
2190;Gopal Thakur;Gopal;Gopal Gopal Thakur;0;0
2191;Roman Pajer;Roman;Roman Roman Pajer;0;0
2192;Floris Veenhuizen;Floris;Floris Floris Veenhuizen;0;0
2193;Vitezslav Holy;Vitezslav;Vitezslav Vitezslav Holy;0;0
2194;Paul Valbe;Paul;Paul Paul Valbe;0;0
2195;Devi Dewangan;Devi;Devi Devi Dewangan;0;0
2196;William Bordelon;William;William William Bordelon;0;0
2197;Masa Buecek;Masa;Masa Masa Buecek;0;0
2198;Nguyet Trang;Nguyet;Nguyet Nguyet Trang;0;0
2199;Bipin Modi;Bipin;Bipin Bipin Modi;0;0
2200;Dattaatraeya Vangapandu;Dattaatraeya;Dattaatraeya Dattaatraeya Vangapandu;0;0
2201;Rahul Sarma;Rahul;Rahul Rahul Sarma;0;0
2202;Deeba Hemmati;Deeba;Deeba Deeba Hemmati;0;0
2203;Alejandro Escobar;Alejandro;Alejandro Alejandro Escobar;0;0
2204;Milada Hadrabova;Milada;Milada Milada Hadrabova;0;0
2205;Andris Vitols;Andris;Andris Andris Vitols;0;0
2206;Lana Larsson;Lana;Lana Lana Larsson;0;0
2207;Mariela Weitzer;Mariela;Mariela Mariela Weitzer;0;0
2208;David Lanctot;David;David David Lanctot;0;0
2209;Alain Pelland;Alain;Alain Alain Pelland;0;0
2210;Ik-Soo Jo;Ik-Soo;Ik-Soo Ik-Soo Jo;0;0
2211;Milica Stojkovic;Milica;Milica Milica Stojkovic;0;0
2212;Teemu Yli-Sirnio;Teemu;Teemu Teemu Yli-Sirnio;0;0
2213;Natalie Horackova;Natalie;Natalie Natalie Horackova;0;0
2214;Francesca Greece;Francesca;Francesca Francesca Greece;0;0
2215;Baalaaditya Rallapalli;Baalaaditya;Baalaaditya Baalaaditya Rallapalli;0;0
2216;Antonin Holy;Antonin;Antonin Antonin Holy;0;0
2217;Matej Formanek;Matej;Matej Matej Formanek;0;0
2218;Mary Eder;Mary;Mary Mary Eder;0;0
2219;Manish Ghosh;Manish;Manish Manish Ghosh;0;0
2220;Anish Naidu;Anish;Anish Anish Naidu;0;0
2221;Pracha Nantakarn;Pracha;Pracha Pracha Nantakarn;0;0
2222;Malee Charoenkul;Malee;Malee Malee Charoenkul;0;0
2223;Charline Flamand;Charline;Charline Charline Flamand;0;0
2224;Dhavala Alladi;Dhavala;Dhavala Dhavala Alladi;0;0
2225;Teodor Vlad;Teodor;Teodor Teodor Vlad;0;0
2226;Peeter Keskula;Peeter;Peeter Peeter Keskula;0;0
2227;Anda Liepa;Anda;Anda Anda Liepa;0;0
2228;Deakshitulu Paruchuri;Deakshitulu;Deakshitulu Deakshitulu Paruchuri;0;0
2229;Jelena Utjesenovic;Jelena;Jelena Jelena Utjesenovic;0;0
2230;Debbie Clark;Debbie;Debbie Debbie Clark;0;0
2231;Adriana Horackova;Adriana;Adriana Adriana Horackova;0;0
2232;Suniti Bhat;Suniti;Suniti Suniti Bhat;0;0
2233;Miika Putkonen;Miika;Miika Miika Putkonen;0;0
2234;Jose Williams;Jose;Jose Jose Williams;0;0
2235;Padma Iyer;Padma;Padma Padma Iyer;0;0
2236;Cai Cao;Cai;Cai Cai Cao;0;0
2237;Åšani Sen;Åšani;Åšani Åšani Sen;0;0
2238;Ngu Hoa;Ngu;Ngu Ngu Hoa;0;0
2239;Helene Dupuy;Helene;Helene Helene Dupuy;0;0
2240;Antonio Trentini;Antonio;Antonio Antonio Trentini;0;0
2241;omer ozbek;omer;omer omer ozbek;0;0
2242;Andrei Bratianu;Andrei;Andrei Andrei Bratianu;0;0
2243;Akshayakeerti Jandhyala;Akshayakeerti;Akshayakeerti Akshayakeerti Jandhyala;0;0
2244;Tereza Stolinova;Tereza;Tereza Tereza Stolinova;0;0
2245;Ankolika Sen;Ankolika;Ankolika Ankolika Sen;0;0
2246;Kristophe  Couet;Kristophe ;Kristophe  Kristophe  Couet;0;0
2247;Baalaamani Veturi;Baalaamani;Baalaamani Baalaamani Veturi;0;0
2248;Gustav Korjus;Gustav;Gustav Gustav Korjus;0;0
2249;Julia Konecna;Julia;Julia Julia Konecna;0;0
2250;Birgit Saar;Birgit;Birgit Birgit Saar;0;0
2251;Madelaine  Paulet;Madelaine ;Madelaine  Madelaine  Paulet;0;0
2252;Arundhati Bhowmick;Arundhati;Arundhati Arundhati Bhowmick;0;0
2253;Mario Jogi;Mario;Mario Mario Jogi;0;0
2254;Martina Omelkova;Martina;Martina Martina Omelkova;0;0
2255;Kaya ozbek;Kaya;Kaya Kaya ozbek;0;0
2256;Lan Klanjcar;Lan;Lan Lan Klanjcar;0;0
2257;Seo-yeon Rim;Seo-yeon;Seo-yeon Seo-yeon Rim;0;0
2258;Giovanna Araujo;Giovanna;Giovanna Giovanna Araujo;0;0
2259;Sitara Benjaree;Sitara;Sitara Sitara Benjaree;0;0
2260;Roberts Sprogis;Roberts;Roberts Roberts Sprogis;0;0
2261;Javier Caraballo;Javier;Javier Javier Caraballo;0;0
2262;Coralie Brasseur;Coralie;Coralie Coralie Brasseur;0;0
2263;Akhtar Shahrestaani;Akhtar;Akhtar Akhtar Shahrestaani;0;0
2264;Priya Joshi;Priya;Priya Priya Joshi;0;0
2265;Vanita Bhowmick;Vanita;Vanita Vanita Bhowmick;0;0
2266;Bruna Cavalcante;Bruna;Bruna Bruna Cavalcante;0;0
2267;Nishant Menon;Nishant;Nishant Nishant Menon;0;0
2268;Ratnam Singh;Ratnam;Ratnam Ratnam Singh;0;0
2269;Josef Benda;Josef;Josef Josef Benda;0;0
2270;Trishna Benipal;Trishna;Trishna Trishna Benipal;0;0
2271;Teresa Bender;Teresa;Teresa Teresa Bender;0;0
2272;Diego Buccho;Diego;Diego Diego Buccho;0;0
2273;Deepesh Bose;Deepesh;Deepesh Deepesh Bose;0;0
2274;Ambareesh Madhunapantula;Ambareesh;Ambareesh Ambareesh Madhunapantula;0;0
2275;Madhavi Gupta;Madhavi;Madhavi Madhavi Gupta;0;0
2276;Indu Chowdary;Indu;Indu Indu Chowdary;0;0
2277;Bich Banh;Bich;Bich Bich Banh;0;0
2278;Lennart Kask;Lennart;Lennart Lennart Kask;0;0
2279;Åšani Nair;Åšani;Åšani Åšani Nair;0;0
2280;Cuc Tu;Cuc;Cuc Cuc Tu;0;0
2281;Angelina Gormanston;Angelina;Angelina Angelina Gormanston;0;0
2282;Prasanna Shetty;Prasanna;Prasanna Prasanna Shetty;0;0
2283;Prasert Supitayaporn;Prasert;Prasert Prasert Supitayaporn;0;0
2284;Gulzar Parkar;Gulzar;Gulzar Gulzar Parkar;0;0
2285;Abhaya Rambhatla;Abhaya;Abhaya Abhaya Rambhatla;0;0
2286;Naveed Alizadeh;Naveed;Naveed Naveed Alizadeh;0;0
2287;Lalit Ogra;Lalit;Lalit Lalit Ogra;0;0
2288;Badanika Vankayala;Badanika;Badanika Badanika Vankayala;0;0
2289;Mina Bagheri;Mina;Mina Mina Bagheri;0;0
2290;Lien Lo;Lien;Lien Lien Lo;0;0
2291;Debraj Sanyal;Debraj;Debraj Debraj Sanyal;0;0
2292;Tara KlanCisar;Tara;Tara Tara KlanCisar;0;0
2293;Marco Costa;Marco;Marco Marco Costa;0;0
2294;Alessandra Gallo;Alessandra;Alessandra Alessandra Gallo;0;0
2295;Crina Nechita;Crina;Crina Crina Nechita;0;0
2296;Yi Min Zhong;Yi Min;Yi Min Yi Min Zhong;0;0
2297;Zala Ibrahimagic;Zala;Zala Zala Ibrahimagic;0;0
2298;Wander Ellenbroek;Wander;Wander Wander Ellenbroek;0;0
2299;Gundega Kundzina;Gundega;Gundega Gundega Kundzina;0;0
2300;Damyanti Byrraju;Damyanti;Damyanti Damyanti Byrraju;0;0
2301;Parveen Haldar;Parveen;Parveen Parveen Haldar;0;0
2302;Chau Chu;Chau;Chau Chau Chu;0;0
2303;Noel Cartier;Noel;Noel Noel Cartier;0;0
2304;Aet Kasesalu;Aet;Aet Aet Kasesalu;0;0
2305;Ilgonis Dzenis;Ilgonis;Ilgonis Ilgonis Dzenis;0;0
2306;Emine Gungor;Emine;Emine Emine Gungor;0;0
2307;Ondrej Tomek;Ondrej;Ondrej Ondrej Tomek;0;0
2308;Ngon Ta;Ngon;Ngon Ngon Ta;0;0
2309;Mohini Kaul;Mohini;Mohini Mohini Kaul;0;0
2310;Alejandro Baeza;Alejandro;Alejandro Alejandro Baeza;0;0
2311;Arnab Malakar;Arnab;Arnab Arnab Malakar;0;0
2312;Anupam Majumdar;Anupam;Anupam Anupam Majumdar;0;0
2313;Mary Barney;Mary;Mary Mary Barney;0;0
2314;Amit Ghatak;Amit;Amit Amit Ghatak;0;0
2315;Dhaeraemdranaadh Allu;Dhaeraemdranaadh;Dhaeraemdranaadh Dhaeraemdranaadh Allu;0;0
2316;Abel Pirvu;Abel;Abel Abel Pirvu;0;0
2317;Paola Greece;Paola;Paola Paola Greece;0;0
2318;Izabella Baltina;Izabella;Izabella Izabella Baltina;0;0
2319;Flora Olofsson;Flora;Flora Flora Olofsson;0;0
2320;Vitezslav Drdla;Vitezslav;Vitezslav Vitezslav Drdla;0;0
2321;Nguyet Bach;Nguyet;Nguyet Nguyet Bach;0;0
2322;Ratnam Sidhu;Ratnam;Ratnam Ratnam Sidhu;0;0
2323;Jyoti Karnik;Jyoti;Jyoti Jyoti Karnik;0;0
2324;Dattu Gummadi;Dattu;Dattu Dattu Gummadi;0;0
2325;Samuel Almaraz;Samuel;Samuel Samuel Almaraz;0;0
2326;Filip Bunderla;Filip;Filip Filip Bunderla;0;0
2327;Zuzana Kuchtova;Zuzana;Zuzana Zuzana Kuchtova;0;0
2328;Elias Niemi;Elias;Elias Elias Niemi;0;0
2329;Mark Ruutel;Mark;Mark Mark Ruutel;0;0
2330;Carla Osorio;Carla;Carla Carla Osorio;0;0
2331;Corneliu Vladu;Corneliu;Corneliu Corneliu Vladu;0;0
2332;Ivo Valek;Ivo;Ivo Ivo Valek;0;0
2333;Severins Polis;Severins;Severins Severins Polis;0;0
2334;Chandran Bhattacharya;Chandran;Chandran Chandran Bhattacharya;0;0
2335;Linda Ledezma;Linda;Linda Linda Ledezma;0;0
2336;Zbynek Vacha;Zbynek;Zbynek Zbynek Vacha;0;0
2337;Halit Gunes;Halit;Halit Halit Gunes;0;0
2338;Indu Nambiar;Indu;Indu Indu Nambiar;0;0
2339;Vallo Vesik;Vallo;Vallo Vallo Vesik;0;0
2340;Dayaram Raut;Dayaram;Dayaram Dayaram Raut;0;0
2341;Dana Mrazova;Dana;Dana Dana Mrazova;0;0
2342;Saraswati Beniwal;Saraswati;Saraswati Saraswati Beniwal;0;0
2343;Ema Slosar;Ema;Ema Ema Slosar;0;0
2344;Arto Heikkinen;Arto;Arto Arto Heikkinen;0;0
2345;Hemchandra Debnath;Hemchandra;Hemchandra Hemchandra Debnath;0;0
2346;Bala Ogra;Bala;Bala Bala Ogra;0;0
2347;Monika Valentova;Monika;Monika Monika Valentova;0;0
2348;Anuj Sonkar;Anuj;Anuj Anuj Sonkar;0;0
2349;Dattaatraeya Tottempudi;Dattaatraeya;Dattaatraeya Dattaatraeya Tottempudi;0;0
2350;Emilia Samaniego;Emilia;Emilia Emilia Samaniego;0;0
2351;Kahkushan Shakiba;Kahkushan;Kahkushan Kahkushan Shakiba;0;0
2352;Hathai Mookjai;Hathai;Hathai Hathai Mookjai;0;0
2353;Taner YÄ±lmaz;Taner;Taner Taner YÄ±lmaz;0;0
2354;Birol Arslan;Birol;Birol Birol Arslan;0;0
2355;Abhra Thakur;Abhra;Abhra Abhra Thakur;0;0
2356;Uma Khalsa;Uma;Uma Uma Khalsa;0;0
2357;Dunja Radoncis;Dunja;Dunja Dunja Radoncis;0;0
2358;Olya Seleznyov;Olya;Olya Olya Seleznyov;0;0
2359;Darakhshan Javaherian;Darakhshan;Darakhshan Darakhshan Javaherian;0;0
2360;Alexandre  L'Angelier;Alexandre ;Alexandre  Alexandre  L'Angelier;0;0
2361;Youssef Eriksson;Youssef;Youssef Youssef Eriksson;0;0
2362;Arunima Ganguly;Arunima;Arunima Arunima Ganguly;0;0
2363;Pavel Bohuslav;Pavel;Pavel Pavel Bohuslav;0;0
2364;Mahendra Trivedi;Mahendra;Mahendra Mahendra Trivedi;0;0
2365;Jiri Vacha;Jiri;Jiri Jiri Vacha;0;0
2366;Constanta Dita;Constanta;Constanta Constanta Dita;0;0
2367;Magdalena Cervenkova;Magdalena;Magdalena Magdalena Cervenkova;0;0
2368;Sylvie Panetier;Sylvie;Sylvie Sylvie Panetier;0;0
2369;Asha Mudigonda;Asha;Asha Asha Mudigonda;0;0
2370;Jaya Benjaree;Jaya;Jaya Jaya Benjaree;0;0
2371;Anete Kundzina;Anete;Anete Anete Kundzina;0;0
2372;Petr Drdla;Petr;Petr Petr Drdla;0;0
2373;Daniela Sal;Daniela;Daniela Daniela Sal;0;0
2374;Kunal Nakhtare;Kunal;Kunal Kunal Nakhtare;0;0
2375;Duangrat Atitarn;Duangrat;Duangrat Duangrat Atitarn;0;0
2376;Ella Celmina;Ella;Ella Ella Celmina;0;0
2377;Deviprasad PrabhupÄda;Deviprasad;Deviprasad Deviprasad PrabhupÄda;0;0
2378;Tess Seegers;Tess;Tess Tess Seegers;0;0
2379;Aija Lukstina;Aija;Aija Aija Lukstina;0;0
2380;Sanjay Cheema;Sanjay;Sanjay Sanjay Cheema;0;0
2381;Hoc Le;Hoc;Hoc Hoc Le;0;0
2382;Blagoje Pavlovic;Blagoje;Blagoje Blagoje Pavlovic;0;0
2383;Bhairaam Kidambi;Bhairaam;Bhairaam Bhairaam Kidambi;0;0
2384;Aleksandrs Cirulis;Aleksandrs;Aleksandrs Aleksandrs Cirulis;0;0
2385;Jae-Hwa Shin;Jae-Hwa;Jae-Hwa Jae-Hwa Shin;0;0
2386;Mala Naicker;Mala;Mala Mala Naicker;0;0
2387;Caterina Fallaci;Caterina;Caterina Caterina Fallaci;0;0
2388;Brayden Macnamara;Brayden;Brayden Brayden Macnamara;0;0
2389;Baanuraekha Voleti;Baanuraekha;Baanuraekha Baanuraekha Voleti;0;0
2390;Renata Alva;Renata;Renata Renata Alva;0;0
2391;Ranjeet Haldar;Ranjeet;Ranjeet Ranjeet Haldar;0;0
2392;Mandeep Desai;Mandeep;Mandeep Mandeep Desai;0;0
2393;Bhaamini Kanaparthi;Bhaamini;Bhaamini Bhaamini Kanaparthi;0;0
2394;Sun-Hi Oh;Sun-Hi;Sun-Hi Sun-Hi Oh;0;0
2395;Margit Molnar;Margit;Margit Margit Molnar;0;0
2396;Amanda Kaulina;Amanda;Amanda Amanda Kaulina;0;0
2397;Chandni Jandhyala;Chandni;Chandni Chandni Jandhyala;0;0
2398;Verona Sykorova;Verona;Verona Verona Sykorova;0;0
2399;Ljubomir Nesic;Ljubomir;Ljubomir Ljubomir Nesic;0;0
2400;Izan Arana;Izan;Izan Izan Arana;0;0
2401;Telma Hermansson;Telma;Telma Telma Hermansson;0;0
2402;Lubomir Spousta;Lubomir;Lubomir Lubomir Spousta;0;0
3001;Eric Torres;Eric;Eric Eric Torres;0;0
3002;Cosmina Vlad;Cosmina;Cosmina Cosmina Vlad;0;0
3003;Bala Dixit;Bala;Bala Bala Dixit;0;0
3004;Aleksandrs Riekstins;Aleksandrs;Aleksandrs Aleksandrs Riekstins;0;0
3005;Ratan Poddar;Ratan;Ratan Ratan Poddar;0;0
3006;Shi Tu;Shi;Shi Shi Tu;0;0
3007;Gunnar Lohmus;Gunnar;Gunnar Gunnar Lohmus;0;0
3008;Jackson Kolios;Jackson;Jackson Jackson Kolios;0;0
3009;Madhu Dwivedi;Madhu;Madhu Madhu Dwivedi;0;0
3010;Alena Kellnerova;Alena;Alena Alena Kellnerova;0;0
3011;Surendra Sahu;Surendra;Surendra Surendra Sahu;0;0
3012;Celica Barajas;Celica;Celica Celica Barajas;0;0
3013;Shyam Poddar;Shyam;Shyam Shyam Poddar;0;0
3014;Johanna Hoornstra;Johanna;Johanna Johanna Hoornstra;0;0
3015;Libuse Valentova;Libuse;Libuse Libuse Valentova;0;0
3016;Harsha Huq;Harsha;Harsha Harsha Huq;0;0
3017;Agrita Kanepa;Agrita;Agrita Agrita Kanepa;0;0
3018;Liia Orav;Liia;Liia Liia Orav;0;0
3019;Santiago Vera;Santiago;Santiago Santiago Vera;0;0
3020;Knut Svensson;Knut;Knut Knut Svensson;0;0
3021;Kwanjai Saowaluk;Kwanjai;Kwanjai Kwanjai Saowaluk;0;0
3022;Suparna Bhattacharya;Suparna;Suparna Suparna Bhattacharya;0;0
3023;Francisca Laureano;Francisca;Francisca Francisca Laureano;0;0
3024;Risto Valbe;Risto;Risto Risto Valbe;0;0
3025;Jayanta Thakur;Jayanta;Jayanta Jayanta Thakur;0;0
3026;Leila Carvalho;Leila;Leila Leila Carvalho;0;0
3027;Crina Grasu;Crina;Crina Crina Grasu;0;0
3028;Sercan Celik;Sercan;Sercan Sercan Celik;0;0
3029;Jack Walker;Jack;Jack Jack Walker;0;0
3030;Jana Fialova;Jana;Jana Jana Fialova;0;0
3031;Bhaavan Rai;Bhaavan;Bhaavan Bhaavan Rai;0;0
3032;Aakriti Byrraju;Aakriti;Aakriti Aakriti Byrraju;0;0
3033;Devraj Rao;Devraj;Devraj Devraj Rao;0;0
3034;Cong Hoa;Cong;Cong Cong Hoa;0;0
3035;Dominic Davignon;Dominic;Dominic Dominic Davignon;0;0
3036;Abel Spirlea;Abel;Abel Abel Spirlea;0;0
3037;Anil Sarkar;Anil;Anil Anil Sarkar;0;0
3038;Pavel Bogdanov;Pavel;Pavel Pavel Bogdanov;0;0
3039;Juan Morse;Juan;Juan Juan Morse;0;0
3040;Rodrigo Figueiredo;Rodrigo;Rodrigo Rodrigo Figueiredo;0;0
3041;Camille Authier;Camille;Camille Camille Authier;0;0
3042;Biju Deb;Biju;Biju Biju Deb;0;0
3043;Marija Justina Pasek;Marija Justina;Marija Justina Marija Justina Pasek;0;0
3044;Durdanah Abbasi;Durdanah;Durdanah Durdanah Abbasi;0;0
3045;Emilie Hrdlickova;Emilie;Emilie Emilie Hrdlickova;0;0
3046;Malorie Bousquet;Malorie;Malorie Malorie Bousquet;0;0
3047;Kristiina Ivanov;Kristiina;Kristiina Kristiina Ivanov;0;0
3048;Alvin Bollinger;Alvin;Alvin Alvin Bollinger;0;0
3049;Sabine Zalite;Sabine;Sabine Sabine Zalite;0;0
3050;Daakshaayaani Sankaramanchi;Daakshaayaani;Daakshaayaani Daakshaayaani Sankaramanchi;0;0
3051;Ebru Erdogan;Ebru;Ebru Ebru Erdogan;0;0
3052;Bhagavaan Atluri;Bhagavaan;Bhagavaan Bhagavaan Atluri;0;0
3053;Caterina Pinto;Caterina;Caterina Caterina Pinto;0;0
3054;Daakshaayaani Kommineni;Daakshaayaani;Daakshaayaani Daakshaayaani Kommineni;0;0
3055;Anna Mazzanti;Anna;Anna Anna Mazzanti;0;0
3056;Satish Mittal;Satish;Satish Satish Mittal;0;0
3057;Clarissa Manfrin;Clarissa;Clarissa Clarissa Manfrin;0;0
3058;Bimla PrabhupÄda;Bimla;Bimla Bimla PrabhupÄda;0;0
3059;Shah Alizadeh;Shah;Shah Shah Alizadeh;0;0
3060;Marcela Lucescu;Marcela;Marcela Marcela Lucescu;0;0
3061;Amarasimha Vinjamuri;Amarasimha;Amarasimha Amarasimha Vinjamuri;0;0
3062;Lana Goransson;Lana;Lana Lana Goransson;0;0
3063;Jakub Lukes;Jakub;Jakub Jakub Lukes;0;0
3064;Mikhail Degtyarev;Mikhail;Mikhail Mikhail Degtyarev;0;0
3065;Bijoya Thakur;Bijoya;Bijoya Bijoya Thakur;0;0
3066;Jay Bhuiyan;Jay;Jay Jay Bhuiyan;0;0
3067;Jasna Cerkez;Jasna;Jasna Jasna Cerkez;0;0
3068;Laura Sykorova;Laura;Laura Laura Sykorova;0;0
3069;Abel Tatarescu;Abel;Abel Abel Tatarescu;0;0
3070;In-Su Bae;In-Su;In-Su In-Su Bae;0;0
3071;Darshana Madhunapantula;Darshana;Darshana Darshana Madhunapantula;0;0
3072;Katerina Hadrabova;Katerina;Katerina Katerina Hadrabova;0;0
3073;Hana Hlouskova;Hana;Hana Hana Hlouskova;0;0
3074;Daniel Martensson;Daniel;Daniel Daniel Martensson;0;0
3075;Philip Walker;Philip;Philip Philip Walker;0;0
3076;Marie LeBatelier;Marie;Marie Marie LeBatelier;0;0
3077;Leyla Siavashi;Leyla;Leyla Leyla Siavashi;0;0
3078;Miriam House;Miriam;Miriam Miriam House;0;0
3079;Jitka Necesana;Jitka;Jitka Jitka Necesana;0;0
3080;Edmee Glissen;Edmee;Edmee Edmee Glissen;0;0
3081;Magdalena Michnova;Magdalena;Magdalena Magdalena Michnova;0;0
3082;Maryann Huddleston;Maryann;Maryann Maryann Huddleston;0;0
3083;Radha Barua;Radha;Radha Radha Barua;0;0
3084;Anindya Ghatak;Anindya;Anindya Anindya Ghatak;0;0
3085;Chandrashekhar Dasgupta;Chandrashekhar;Chandrashekhar Chandrashekhar Dasgupta;0;0
3086;Debbie Molina;Debbie;Debbie Debbie Molina;0;0
3087;Baran Jonsson;Baran;Baran Baran Jonsson;0;0
3088;Jai Lamble;Jai;Jai Jai Lamble;0;0
3089;Sointu Savonheimo;Sointu;Sointu Sointu Savonheimo;0;0
3090;Olya Izmaylov;Olya;Olya Olya Izmaylov;0;0
3091;Taneli Riutta;Taneli;Taneli Taneli Riutta;0;0
3092;Bahaar Asef zade;Bahaar;Bahaar Bahaar Asef zade;0;0
3093;Leyla Asef zade;Leyla;Leyla Leyla Asef zade;0;0
3094;Gabriela Hernandes;Gabriela;Gabriela Gabriela Hernandes;0;0
3095;Geza Roman;Geza;Geza Geza Roman;0;0
3096;Leonardo Folliero;Leonardo;Leonardo Leonardo Folliero;0;0
3097;Allan Mannik;Allan;Allan Allan Mannik;0;0
3098;Gopalgobinda Sikdar;Gopalgobinda;Gopalgobinda Gopalgobinda Sikdar;0;0
3099;Chin-Sun Chang;Chin-Sun;Chin-Sun Chin-Sun Chang;0;0
3100;Lilli Sokk;Lilli;Lilli Lilli Sokk;0;0
3101;Adrian Andreasson;Adrian;Adrian Adrian Andreasson;0;0
3102;Kamila Michnova;Kamila;Kamila Kamila Michnova;0;0
3103;Bing Han;Bing;Bing Bing Han;0;0
3104;Olafs Rozitis;Olafs;Olafs Olafs Rozitis;0;0
3105;Sara Huiting;Sara;Sara Sara Huiting;0;0
3106;Ajitaab Pakalapati;Ajitaab;Ajitaab Ajitaab Pakalapati;0;0
3107;Eugen Agafitei;Eugen;Eugen Eugen Agafitei;0;0
3108;Sumati Bhat;Sumati;Sumati Sumati Bhat;0;0
3109;Dena Glissen;Dena;Dena Dena Glissen;0;0
3110;Elina Kaleja;Elina;Elina Elina Kaleja;0;0
3111;Liidia Lepp;Liidia;Liidia Liidia Lepp;0;0
3112;Volkan senturk;Volkan;Volkan Volkan senturk;0;0
3113;Violetta KlanCisar;Violetta;Violetta Violetta KlanCisar;0;0
3114;Chandana Shasthri;Chandana;Chandana Chandana Shasthri;0;0
3115;Ana Florea;Ana;Ana Ana Florea;0;0
3116;Pinja Jantunen;Pinja;Pinja Pinja Jantunen;0;0
3117;Pari Hosseini;Pari;Pari Pari Hosseini;0;0
3118;Isidora Morales;Isidora;Isidora Isidora Morales;0;0
3119;Kertu Sokk;Kertu;Kertu Kertu Sokk;0;0
3120;Gayatri Gajula;Gayatri;Gayatri Gayatri Gajula;0;0
3121;Victoria Lacusta;Victoria;Victoria Victoria Lacusta;0;0
3122;Sumati Chatterjee;Sumati;Sumati Sumati Chatterjee;0;0
3123;Tai Bach;Tai;Tai Tai Bach;0;0
3124;Eva Schulteisz;Eva;Eva Eva Schulteisz;0;0
3125;Can ozcan;Can;Can Can ozcan;0;0
3126;Richard Friar;Richard;Richard Richard Friar;0;0
3127;Matyas Sedlar;Matyas;Matyas Matyas Sedlar;0;0
3128;Arijit Bhuiyan;Arijit;Arijit Arijit Bhuiyan;0;0
3129;Vladimir Henzl;Vladimir;Vladimir Vladimir Henzl;0;0
3130;Shantanu Huq;Shantanu;Shantanu Shantanu Huq;0;0
3131;Nada Jovanovic;Nada;Nada Nada Jovanovic;0;0
3132;Nicolo Cattaneo;Nicolo;Nicolo Nicolo Cattaneo;0;0
3133;Joel Carrillo;Joel;Joel Joel Carrillo;0;0
3134;Ivan Sepulveda;Ivan;Ivan Ivan Sepulveda;0;0
3135;Daevasree Samavedam;Daevasree;Daevasree Daevasree Samavedam;0;0
3136;Ludmila Smidova;Ludmila;Ludmila Ludmila Smidova;0;0
3137;Manca Hrastovsek;Manca;Manca Manca Hrastovsek;0;0
3138;Anna Gyarmathi;Anna;Anna Anna Gyarmathi;0;0
3139;Ioana Florea;Ioana;Ioana Ioana Florea;0;0
3140;Lorin Astrom;Lorin;Lorin Lorin Astrom;0;0
3141;Bishwa Chatterjee;Bishwa;Bishwa Bishwa Chatterjee;0;0
3142;Chaayaadaevi Sonti;Chaayaadaevi;Chaayaadaevi Chaayaadaevi Sonti;0;0
3143;Drazenka Jelic;Drazenka;Drazenka Drazenka Jelic;0;0
3144;Ida Celma;Ida;Ida Ida Celma;0;0
3145;Hoc Tran;Hoc;Hoc Hoc Tran;0;0
3146;David safranek;David;David David safranek;0;0
3147;Svetlana Todorovic;Svetlana;Svetlana Svetlana Todorovic;0;0
3148;Richard Zahradnicek;Richard;Richard Richard Zahradnicek;0;0
3149;Seo-yun Paik;Seo-yun;Seo-yun Seo-yun Paik;0;0
3150;Emily Whittle;Emily;Emily Emily Whittle;0;0
3151;Eliza Persson;Eliza;Eliza Eliza Persson;0;0
3152;Chuan Wattanasin;Chuan;Chuan Chuan Wattanasin;0;0
3153;Linh Dao;Linh;Linh Linh Dao;0;0
3154;Nasrin Omidzadeh;Nasrin;Nasrin Nasrin Omidzadeh;0;0
3155;Raghu Sandhu;Raghu;Raghu Raghu Sandhu;0;0
3156;Nhung Thach;Nhung;Nhung Nhung Thach;0;0
3157;Hee-Young Suh;Hee-Young;Hee-Young Hee-Young Suh;0;0
3158;Valentin Tirlea;Valentin;Valentin Valentin Tirlea;0;0
3159;Dhaatri Chavva;Dhaatri;Dhaatri Dhaatri Chavva;0;0
3160;Edgar Jogi;Edgar;Edgar Edgar Jogi;0;0
3161;Rani Ganguly;Rani;Rani Rani Ganguly;0;0
3162;Bhagavati Vinjamuri;Bhagavati;Bhagavati Bhagavati Vinjamuri;0;0
3163;Be Trang;Be;Be Be Trang;0;0
3164;Ingrida Zeltina;Ingrida;Ingrida Ingrida Zeltina;0;0
3165;Phoung Cu;Phoung;Phoung Phoung Cu;0;0
3166;Sara Walkky;Sara;Sara Sara Walkky;0;0
3167;Meera Patel;Meera;Meera Meera Patel;0;0
3168;Anca Gogean;Anca;Anca Anca Gogean;0;0
3169;Staffan Persson;Staffan;Staffan Staffan Persson;0;0
3170;Isidora Urias;Isidora;Isidora Isidora Urias;0;0
3171;Dhanishta Mokkapati;Dhanishta;Dhanishta Dhanishta Mokkapati;0;0
3172;Lakshmi Benipal;Lakshmi;Lakshmi Lakshmi Benipal;0;0
3173;Kumar Kamei;Kumar;Kumar Kumar Kamei;0;0
3174;Emil Roman;Emil;Emil Emil Roman;0;0
3175;Prabodh Nair;Prabodh;Prabodh Prabodh Nair;0;0
3176;Alinne Matos;Alinne;Alinne Alinne Matos;0;0
3177;Mauno Laurila;Mauno;Mauno Mauno Laurila;0;0
3178;Baalaamjali Devulapalli;Baalaamjali;Baalaamjali Baalaamjali Devulapalli;0;0
3179;Melani Ravlen;Melani;Melani Melani Ravlen;0;0
3180;Om Yadav;Om;Om Om Yadav;0;0
3181;Mahmut ozbek;Mahmut;Mahmut Mahmut ozbek;0;0
3182;Yves Belisle;Yves;Yves Yves Belisle;0;0
3183;Sabine Alksne;Sabine;Sabine Sabine Alksne;0;0
3184;Kamala Nishad;Kamala;Kamala Kamala Nishad;0;0
3185;Roko Ilic;Roko;Roko Roko Ilic;0;0
3186;Neil Farrelly;Neil;Neil Neil Farrelly;0;0
3187;Akhil Nadar;Akhil;Akhil Akhil Nadar;0;0
3188;Maksims Krastins;Maksims;Maksims Maksims Krastins;0;0
3189;Milinka Zujovic;Milinka;Milinka Milinka Zujovic;0;0
3190;Andris Saulitis;Andris;Andris Andris Saulitis;0;0
3191;Valter Viiding;Valter;Valter Valter Viiding;0;0
3192;Amarakumaar Gadiyaram;Amarakumaar;Amarakumaar Amarakumaar Gadiyaram;0;0
3193;Gasper Havzija;Gasper;Gasper Gasper Havzija;0;0
3194;Libuse Kuchtova;Libuse;Libuse Libuse Kuchtova;0;0
3195;Kumar Naicker;Kumar;Kumar Kumar Naicker;0;0
3196;Laszlo Gardenier;Laszlo;Laszlo Laszlo Gardenier;0;0
3197;Nada Ana Slosar;Nada Ana;Nada Ana Nada Ana Slosar;0;0
3198;Mahavir Sonkar;Mahavir;Mahavir Mahavir Sonkar;0;0
3199;Kristi Part;Kristi;Kristi Kristi Part;0;0
3200;Krishnam Allu;Krishnam;Krishnam Krishnam Allu;0;0
3201;Dinh Mai;Dinh;Dinh Dinh Mai;0;0
3202;Stefan Selezeanu;Stefan;Stefan Stefan Selezeanu;0;0
3203;Hue Ton;Hue;Hue Hue Ton;0;0
3204;Drishti Bose;Drishti;Drishti Drishti Bose;0;0
3205;Bhadram Kamasamudram;Bhadram;Bhadram Bhadram Kamasamudram;0;0
3206;Taj Syme;Taj;Taj Taj Syme;0;0
3207;Irma Berzina;Irma;Irma Irma Berzina;0;0
3208;Vedrana Kovacevic;Vedrana;Vedrana Vedrana Kovacevic;0;0
3209;Bhagavateeprasaad Malladi;Bhagavateeprasaad;Bhagavateeprasaad Bhagavateeprasaad Malladi;0;0
3210;Serdar ozCelik;Serdar;Serdar Serdar ozCelik;0;0
3211;Rajeev Sandhu;Rajeev;Rajeev Rajeev Sandhu;0;0
3212;Urve Kasesalu;Urve;Urve Urve Kasesalu;0;0
3213;Annette  Hetu;Annette ;Annette  Annette  Hetu;0;0
3214;Narendra Tickoo;Narendra;Narendra Narendra Tickoo;0;0
3215;Isa Hulsegge;Isa;Isa Isa Hulsegge;0;0
3216;Aive Petrov;Aive;Aive Aive Petrov;0;0
3217;David Novacek ;David;David David Novacek ;0;0
3218;Nils Kaulins;Nils;Nils Nils Kaulins;0;0
3219;Dhanishta Pullela;Dhanishta;Dhanishta Dhanishta Pullela;0;0
3220;Hai Banh;Hai;Hai Hai Banh;0;0
3221;Fabrice Cloutier;Fabrice;Fabrice Fabrice Cloutier;0;0
3222;Nadir Seddigh;Nadir;Nadir Nadir Seddigh;0;0
3223;Farzana Habibi;Farzana;Farzana Farzana Habibi;0;0
3224;Arka Chatterjee;Arka;Arka Arka Chatterjee;0;0
3225;Tuulikki Linna;Tuulikki;Tuulikki Tuulikki Linna;0;0
3226;Daniella Cavalcante;Daniella;Daniella Daniella Cavalcante;0;0
3227;Serdar ozden;Serdar;Serdar Serdar ozden;0;0
3228;Emma Van Zant;Emma;Emma Emma Van Zant;0;0
3229;Veronika Necesana;Veronika;Veronika Veronika Necesana;0;0
3230;Chompoo Atitarn;Chompoo;Chompoo Chompoo Atitarn;0;0
3231;Dipti Shah;Dipti;Dipti Dipti Shah;0;0
3232;Som Mukherjee;Som;Som Som Mukherjee;0;0
3233;Cuneyt Arslan;Cuneyt;Cuneyt Cuneyt Arslan;0;0
3234;Aishwarya Dantuluri;Aishwarya;Aishwarya Aishwarya Dantuluri;0;0
3235;Manjunatha Karnik;Manjunatha;Manjunatha Manjunatha Karnik;0;0
3236;Erik Malk;Erik;Erik Erik Malk;0;0
3237;David Jaramillo;David;David David Jaramillo;0;0
3238;Damodara Trivedi;Damodara;Damodara Damodara Trivedi;0;0
3239;Bhaamini Palagummi;Bhaamini;Bhaamini Bhaamini Palagummi;0;0
3240;Damodar Shenoy;Damodar;Damodar Damodar Shenoy;0;0
3241;Tomo Vidovic;Tomo;Tomo Tomo Vidovic;0;0
3242;Nguyen Banh;Nguyen;Nguyen Nguyen Banh;0;0
3243;Raj Verma;Raj;Raj Raj Verma;0;0
3244;Hanita Nookala;Hanita;Hanita Hanita Nookala;0;0
3245;Matteo Cattaneo;Matteo;Matteo Matteo Cattaneo;0;0
3246;Christian Couet;Christian;Christian Christian Couet;0;0
3247;Ivana Hadrabova;Ivana;Ivana Ivana Hadrabova;0;0
3248;Abhra Ganguly;Abhra;Abhra Abhra Ganguly;0;0
3249;Amet Shergill;Amet;Amet Amet Shergill;0;0
3250;Amrita Ganguly;Amrita;Amrita Amrita Ganguly;0;0
3251;Sylvie Laramee;Sylvie;Sylvie Sylvie Laramee;0;0
3252;Ian Olofsson;Ian;Ian Ian Olofsson;0;0
3253;Luis Saucedo;Luis;Luis Luis Saucedo;0;0
3254;Emma Salpa;Emma;Emma Emma Salpa;0;0
3255;Adriana Pena;Adriana;Adriana Adriana Pena;0;0
3256;Kalyani Benjaree;Kalyani;Kalyani Kalyani Benjaree;0;0
3257;Ganesh Majumdar;Ganesh;Ganesh Ganesh Majumdar;0;0
3258;Jaroslav Fisar;Jaroslav;Jaroslav Jaroslav Fisar;0;0
3259;Jibek Juniskyzy;Jibek;Jibek Jibek Juniskyzy;0;0
3260;Anand Mudaliyar;Anand;Anand Anand Mudaliyar;0;0
3261;Agrita Abele;Agrita;Agrita Agrita Abele;0;0
